num,Name,TimeOffBalance,Job,Address,RequestedTimeOff
451,Daniel Anderson,28.61,Chartered legal executive (England and Wales),"383 Alisha Pine Suite 655, Lake Brandonland, LA 05900",10
452,William Frazier,13.34,Primary school teacher,"7071 Richmond Stream, North Lisa, PR 29260",19
453,Danielle Hall,10.06,Magazine journalist,"90610 John Turnpike, Josephchester, UT 23589",18
454,Diane Conrad,43.88,Cartographer,"394 Miranda Burgs Apt. 445, Chavezborough, MO 37370",15
455,Maria Mcdowell,10.71,Chief of Staff,"6099 Gina Hill Apt. 258, South Ericaberg, TN 21770",21
456,Mrs. Karina Williamson,41.09,Chief Financial Officer,"374 Seth Trafficway, New Makayla, MS 30134",11
457,Jacob Graham,15.04,"Designer, furniture","10384 Jesse Plaza, East Danny, UT 07253",10
458,Jessica West,14.2,Exercise physiologist,"11471 Christopher River Suite 073, Clarkhaven, VT 91906",12
459,Rebekah Valdez,1.76,"Nurse, adult","63875 Gregory Manors, Port Jennifer, OH 59157",26
460,Yvonne Clark,7.4,Restaurant manager,"8204 Jacobson Hills, New Madison, TN 14193",18
461,Victoria Baker,44.28,"Designer, jewellery","43546 Michael Trace Suite 285, Kennedyfurt, NC 22812",21
462,James Harding,25.06,Planning and development surveyor,"0017 Leblanc Turnpike, East Johnny, IL 35091",24
463,Thomas Anderson,44.13,Pension scheme manager,"8912 Morse Greens, Paynestad, ME 14640",11
464,Jennifer Rivers,19.88,Chief of Staff,"75901 Clay Parks Apt. 314, Rogersfort, WY 11746",10
465,Sarah Boyle,37.59,Agricultural engineer,"231 Sophia Drives Suite 667, Torresside, ND 87160",25
466,Mary Pruitt,48.32,Audiological scientist,"4901 Williams Views Apt. 146, Fitzgeraldfurt, IL 06883",23
467,Laura Escobar,17.44,Sports therapist,"6231 Veronica Bridge, Seanshire, MP 47693",11
468,Becky Simmons,2.78,Armed forces technical officer,"0652 Cook Road Suite 722, Rushbury, WV 08848",29
469,Tracey Brown,43.95,Clinical molecular geneticist,"530 Hansen Highway Apt. 812, East Kristen, ND 29791",18
470,Sean Lang,43.71,Dietitian,"0943 Kaiser Neck, North Maxwell, PA 67942",21
471,Michael Miller,26.52,Materials engineer,"8744 Sandra Corners, Waltersfurt, CA 07789",25
472,Victor Vincent,8.99,"Surveyor, planning and development","973 Shaw Village Suite 608, Nicholasside, HI 37194",30
473,Anthony Underwood,46.48,Garment/textile technologist,"9773 Fisher Path, Bowmantown, ME 52339",25
474,Kathleen Fowler,1.31,"Surveyor, planning and development","8387 Cheryl Island Suite 769, Debrafurt, NJ 86139",14
475,John Garcia,11.89,Clinical cytogeneticist,"USCGC Barrett, FPO AA 25746",26
476,Tracy Melton,15.99,"Engineer, mining","225 Larry Crescent, Port Debbie, NH 90649",20
477,Allison Stevens,16.95,Clinical biochemist,"0214 Stafford Cape, Montesfort, PR 07933",14
478,Robert Martin,5.26,Architect,"2198 Joseph Via Suite 708, Simpsonland, KY 14140",28
479,John Smith,16.97,Theatre manager,"098 Kara Course Suite 316, Carolynport, WA 94969",25
480,Curtis Hunter,8.96,"Development worker, international aid","9020 David Squares Apt. 200, East Alexander, AR 85219",14
481,Roy Andrews,44.52,Pharmacologist,"PSC 9483, Box 5134, APO AP 44198",26
482,Frank Melendez,16.94,Equality and diversity officer,"17544 Shannon Course, East Bruceshire, WY 39838",15
483,James Davies,40.33,Aeronautical engineer,"0363 Lawrence Square Suite 305, Ramirezstad, MN 40558",21
484,Jessica Cole,27.88,Financial manager,"PSC 3473, Box 3456, APO AE 80628",20
485,Gerald Pollard,14.86,Illustrator,"6868 Jennifer Springs, Sanchezton, VT 28166",23
486,Tony Tanner,17.2,Financial manager,"6832 Adams Mills Apt. 078, Lake Tinabury, NJ 76213",15
487,Erin Anderson,20.22,Clinical cytogeneticist,"PSC 6508, Box 6671, APO AE 17304",15
488,Blake Hernandez,49.58,Magazine journalist,"9230 Bryan Trail Apt. 168, Evelynville, HI 78623",26
489,Bethany Nichols,33.85,Office manager,"9486 Lester Spur, Huberbury, FL 91495",10
490,Renee Doyle,42.93,"Conservation officer, historic buildings","13847 Dillon Islands Suite 363, Lake Matthewside, MO 05101",12
491,Michael Dominguez,44.95,Equities trader,"89926 Giles Turnpike Apt. 174, South Cassandrastad, NJ 41871",11
492,Veronica Harrell,26.64,Hydrographic surveyor,"883 Elizabeth Manors Suite 950, Diazfurt, NV 95910",20
493,Laura Richard,47.82,Diplomatic Services operational officer,"7968 Rios Rest Suite 396, Monicaton, VT 55885",18
494,Deborah Bryant,25.75,Ergonomist,"76734 Corey Park, Davidside, RI 06348",20
495,Kevin Kelley,18.1,Youth worker,"795 Donald Ways, Kimshire, FM 78898",10
496,Danielle Davis,48.1,Higher education careers adviser,"188 Amanda Club, Thomasstad, CT 28765",10
497,Kenneth Perkins,18.26,Senior tax professional/tax inspector,"5011 Jones Neck, Susanberg, CA 62141",17
498,Beth Carter,41.46,"Geologist, engineering","520 Frazier Extension, Cainbury, OR 48986",11
499,Gregory Hughes,11.37,Research scientist (medical),"81871 Fleming Rapids Apt. 413, South Jessica, IL 92193",11
500,Tami Dominguez,30.05,"Merchandiser, retail","546 Kellie Orchard Suite 541, Port Kevinhaven, MI 61050",13
4000,Arnulfo Cavazos,0.0,Employee,helechos 1705,4
